timestamp,rainfall_mm,grid_lat,grid_lon
2024-01-01,0.0,27.25,88.5
2024-01-02,0.0,27.25,88.5
2024-01-03,0.0,27.25,88.5
2024-01-04,0.0,27.25,88.5
2024-01-05,0.0,27.25,88.5
2024-01-06,0.0,27.25,88.5
2024-01-07,0.0,27.25,88.5
2024-01-08,0.0,27.25,88.5
2024-01-09,0.0,27.25,88.5
2024-01-10,0.0,27.25,88.5
2024-01-11,0.0,27.25,88.5
2024-01-12,0.0,27.25,88.5
2024-01-13,0.0,27.25,88.5
2024-01-14,0.0,27.25,88.5
2024-01-15,0.0,27.25,88.5
2024-01-16,0.0,27.25,88.5
2024-01-17,0.0,27.25,88.5
2024-01-18,1.0174248,27.25,88.5
2024-01-19,0.0,27.25,88.5
2024-01-20,0.0,27.25,88.5
2024-01-21,0.0,27.25,88.5
2024-01-22,0.7768534,27.25,88.5
2024-01-23,0.0,27.25,88.5
2024-01-24,0.21113886,27.25,88.5
2024-01-25,1.7026972,27.25,88.5
2024-01-26,0.0,27.25,88.5
2024-01-27,1.5474892,27.25,88.5
2024-01-28,0.0,27.25,88.5
2024-01-29,0.0,27.25,88.5
2024-01-30,2.600436,27.25,88.5
2024-01-31,1.0603575,27.25,88.5
2024-02-01,0.41920102,27.25,88.5
2024-02-02,0.28509048,27.25,88.5
2024-02-03,0.8659874,27.25,88.5
2024-02-04,2.5310187,27.25,88.5
2024-02-05,2.7814178,27.25,88.5
2024-02-06,1.1036149,27.25,88.5
2024-02-07,0.0,27.25,88.5
2024-02-08,0.34055418,27.25,88.5
2024-02-09,0.4484911,27.25,88.5
2024-02-10,0.0,27.25,88.5
2024-02-11,0.0,27.25,88.5
2024-02-12,0.0,27.25,88.5
2024-02-13,0.0,27.25,88.5
2024-02-14,0.0,27.25,88.5
2024-02-15,0.0,27.25,88.5
2024-02-16,0.0,27.25,88.5
2024-02-17,0.0,27.25,88.5
2024-02-18,0.98624116,27.25,88.5
2024-02-19,2.8178363,27.25,88.5
2024-02-20,0.0,27.25,88.5
2024-02-21,0.0,27.25,88.5
2024-02-22,0.0,27.25,88.5
2024-02-23,0.0,27.25,88.5
2024-02-24,2.0846512,27.25,88.5
2024-02-25,0.0,27.25,88.5
2024-02-26,0.0,27.25,88.5
2024-02-27,0.0,27.25,88.5
2024-02-28,0.0,27.25,88.5
2024-02-29,0.0,27.25,88.5
2024-03-01,2.5644073,27.25,88.5
2024-03-02,0.10021142,27.25,88.5
2024-03-03,0.0,27.25,88.5
2024-03-04,0.0,27.25,88.5
2024-03-05,0.0,27.25,88.5
2024-03-06,0.0,27.25,88.5
2024-03-07,0.0,27.25,88.5
2024-03-08,0.0,27.25,88.5
2024-03-09,0.0,27.25,88.5
2024-03-10,0.0,27.25,88.5
2024-03-11,0.0,27.25,88.5
2024-03-12,0.0,27.25,88.5
2024-03-13,0.2588307,27.25,88.5
2024-03-14,0.0,27.25,88.5
2024-03-15,0.0,27.25,88.5
2024-03-16,0.0,27.25,88.5
2024-03-17,1.4085189,27.25,88.5
2024-03-18,0.0,27.25,88.5
2024-03-19,0.0,27.25,88.5
2024-03-20,1.8164786,27.25,88.5
2024-03-21,27.142107,27.25,88.5
2024-03-22,16.819412,27.25,88.5
2024-03-23,10.465499,27.25,88.5
2024-03-24,4.1707673,27.25,88.5
2024-03-25,0.11092745,27.25,88.5
2024-03-26,39.96001,27.25,88.5
2024-03-27,0.74134564,27.25,88.5
2024-03-28,2.1982908,27.25,88.5
2024-03-29,0.0,27.25,88.5
2024-03-30,0.0,27.25,88.5
2024-03-31,1.1839865,27.25,88.5
2024-04-01,5.5940104,27.25,88.5
2024-04-02,0.0,27.25,88.5
2024-04-03,0.0,27.25,88.5
2024-04-04,0.0,27.25,88.5
2024-04-05,0.0,27.25,88.5
2024-04-06,0.0,27.25,88.5
2024-04-07,0.0,27.25,88.5
2024-04-08,0.0,27.25,88.5
2024-04-09,1.1863348,27.25,88.5
2024-04-10,3.0451317,27.25,88.5
2024-04-11,1.4641792,27.25,88.5
2024-04-12,8.7267885,27.25,88.5
2024-04-13,0.0,27.25,88.5
2024-04-14,1.1500496,27.25,88.5
2024-04-15,5.62692,27.25,88.5
2024-04-16,4.6293592,27.25,88.5
2024-04-17,40.101833,27.25,88.5
2024-04-18,10.151342,27.25,88.5
2024-04-19,6.1159496,27.25,88.5
2024-04-20,1.5071119,27.25,88.5
2024-04-21,4.3375535,27.25,88.5
2024-04-22,0.0,27.25,88.5
2024-04-23,0.0,27.25,88.5
2024-04-24,0.0,27.25,88.5
2024-04-25,0.0,27.25,88.5
2024-04-26,0.0,27.25,88.5
2024-04-27,0.0,27.25,88.5
2024-04-28,0.0,27.25,88.5
2024-04-29,5.447879,27.25,88.5
2024-04-30,1.0830595,27.25,88.5
2024-05-01,0.0,27.25,88.5
2024-05-02,0.0,27.25,88.5
2024-05-03,0.0,27.25,88.5
2024-05-04,0.0,27.25,88.5
2024-05-05,0.9895728,27.25,88.5
2024-05-06,1.7081379,27.25,88.5
2024-05-07,19.697763,27.25,88.5
2024-05-08,2.7407048,27.25,88.5
2024-05-09,0.0,27.25,88.5
2024-05-10,0.27883056,27.25,88.5
2024-05-11,3.7869532,27.25,88.5
2024-05-12,15.456154,27.25,88.5
2024-05-13,9.79085,27.25,88.5
2024-05-14,0.477878,27.25,88.5
2024-05-15,2.2003896,27.25,88.5
2024-05-16,4.693331,27.25,88.5
2024-05-17,2.7009761,27.25,88.5
2024-05-18,14.001145,27.25,88.5
2024-05-19,35.363716,27.25,88.5
2024-05-20,11.416044,27.25,88.5
2024-05-21,11.722425,27.25,88.5
2024-05-22,1.2769121,27.25,88.5
2024-05-23,7.1214237,27.25,88.5
2024-05-24,0.0,27.25,88.5
2024-05-25,0.0,27.25,88.5
2024-05-26,11.696636,27.25,88.5
2024-05-27,25.8021,27.25,88.5
2024-05-28,3.7684839,27.25,88.5
2024-05-29,17.794409,27.25,88.5
2024-05-30,8.40112,27.25,88.5
2024-05-31,43.93108,27.25,88.5
2024-06-01,1.7127682,27.25,88.5
2024-06-02,31.254059,27.25,88.5
2024-06-03,4.426571,27.25,88.5
2024-06-04,49.401028,27.25,88.5
2024-06-05,47.7073,27.25,88.5
2024-06-06,11.287591,27.25,88.5
2024-06-07,9.975595,27.25,88.5
2024-06-08,29.36419,27.25,88.5
2024-06-09,7.386338,27.25,88.5
2024-06-10,41.28063,27.25,88.5
2024-06-11,50.487694,27.25,88.5
2024-06-12,35.17111,27.25,88.5
2024-06-13,76.708015,27.25,88.5
2024-06-14,73.38251,27.25,88.5
2024-06-15,36.343586,27.25,88.5
2024-06-16,13.968812,27.25,88.5
2024-06-17,21.754639,27.25,88.5
2024-06-18,20.870733,27.25,88.5
2024-06-19,35.90907,27.25,88.5
2024-06-20,41.12863,27.25,88.5
2024-06-21,33.539097,27.25,88.5
2024-06-22,23.705385,27.25,88.5
2024-06-23,11.97395,27.25,88.5
2024-06-24,15.981476,27.25,88.5
2024-06-25,17.490614,27.25,88.5
2024-06-26,26.00567,27.25,88.5
2024-06-27,15.5005665,27.25,88.5
2024-06-28,48.38629,27.25,88.5
2024-06-29,49.57164,27.25,88.5
2024-06-30,52.484447,27.25,88.5
2024-07-01,17.596846,27.25,88.5
2024-07-02,47.407463,27.25,88.5
2024-07-03,40.12592,27.25,88.5
2024-07-04,23.074701,27.25,88.5
2024-07-05,15.257753,27.25,88.5
2024-07-06,29.508965,27.25,88.5
2024-07-07,15.43317,27.25,88.5
2024-07-08,9.356508,27.25,88.5
2024-07-09,21.53098,27.25,88.5
2024-07-10,14.379489,27.25,88.5
2024-07-11,9.347196,27.25,88.5
2024-07-12,54.669373,27.25,88.5
2024-07-13,36.568287,27.25,88.5
2024-07-14,30.39203,27.25,88.5
2024-07-15,44.896217,27.25,88.5
2024-07-16,40.04932,27.25,88.5
2024-07-17,5.6587296,27.25,88.5
2024-07-18,55.41287,27.25,88.5
2024-07-19,2.7378232,27.25,88.5
2024-07-20,37.159454,27.25,88.5
2024-07-21,11.475578,27.25,88.5
2024-07-22,39.03409,27.25,88.5
2024-07-23,26.474512,27.25,88.5
2024-07-24,16.441162,27.25,88.5
2024-07-25,32.419403,27.25,88.5
2024-07-26,14.303829,27.25,88.5
2024-07-27,31.642553,27.25,88.5
2024-07-28,18.914227,27.25,88.5
2024-07-29,5.9620957,27.25,88.5
2024-07-30,20.345537,27.25,88.5
2024-07-31,13.805814,27.25,88.5
2024-08-01,20.913952,27.25,88.5
2024-08-02,36.206146,27.25,88.5
2024-08-03,33.566414,27.25,88.5
2024-08-04,18.800476,27.25,88.5
2024-08-05,3.9963663,27.25,88.5
2024-08-06,44.02724,27.25,88.5
2024-08-07,32.255234,27.25,88.5
2024-08-08,21.611423,27.25,88.5
2024-08-09,18.922178,27.25,88.5
2024-08-10,5.715294,27.25,88.5
2024-08-11,12.576447,27.25,88.5
2024-08-12,12.094673,27.25,88.5
2024-08-13,6.7319784,27.25,88.5
2024-08-14,22.721478,27.25,88.5
2024-08-15,16.010992,27.25,88.5
2024-08-16,2.9758124,27.25,88.5
2024-08-17,0.64966017,27.25,88.5
2024-08-18,1.2914209,27.25,88.5
2024-08-19,19.848854,27.25,88.5
2024-08-20,5.8555684,27.25,88.5
2024-08-21,19.250648,27.25,88.5
2024-08-22,9.85583,27.25,88.5
2024-08-23,15.910024,27.25,88.5
2024-08-24,8.366265,27.25,88.5
2024-08-25,10.175791,27.25,88.5
2024-08-26,4.840682,27.25,88.5
2024-08-27,31.038973,27.25,88.5
2024-08-28,10.207618,27.25,88.5
2024-08-29,3.301718,27.25,88.5
2024-08-30,7.1247144,27.25,88.5
2024-08-31,0.95684135,27.25,88.5
2024-09-01,28.61301,27.25,88.5
2024-09-02,0.50926054,27.25,88.5
2024-09-03,1.4792576,27.25,88.5
2024-09-04,11.454034,27.25,88.5
2024-09-05,25.58134,27.25,88.5
2024-09-06,3.8748505,27.25,88.5
2024-09-07,0.17421643,27.25,88.5
2024-09-08,0.41011253,27.25,88.5
2024-09-09,5.5596375,27.25,88.5
2024-09-10,0.0,27.25,88.5
2024-09-11,14.017262,27.25,88.5
2024-09-12,31.099648,27.25,88.5
2024-09-13,0.5825154,27.25,88.5
2024-09-14,0.85993207,27.25,88.5
2024-09-15,17.514053,27.25,88.5
2024-09-16,47.655685,27.25,88.5
2024-09-17,0.0,27.25,88.5
2024-09-18,0.21777055,27.25,88.5
2024-09-19,0.0,27.25,88.5
2024-09-20,1.1190181,27.25,88.5
2024-09-21,0.0,27.25,88.5
2024-09-22,7.590384,27.25,88.5
2024-09-23,0.0,27.25,88.5
2024-09-24,1.834618,27.25,88.5
2024-09-25,12.668574,27.25,88.5
2024-09-26,58.077763,27.25,88.5
2024-09-27,55.490173,27.25,88.5
2024-09-28,110.85436,27.25,88.5
2024-09-29,27.77122,27.25,88.5
2024-09-30,4.626001,27.25,88.5
2024-10-01,0.0,27.25,88.5
2024-10-02,26.401804,27.25,88.5
2024-10-03,23.729883,27.25,88.5
2024-10-04,36.690964,27.25,88.5
2024-10-05,10.6549,27.25,88.5
2024-10-06,1.3478767,27.25,88.5
2024-10-07,1.729915,27.25,88.5
2024-10-08,5.1257324,27.25,88.5
2024-10-09,10.316,27.25,88.5
2024-10-10,80.13588,27.25,88.5
2024-10-11,0.0,27.25,88.5
2024-10-12,0.0,27.25,88.5
2024-10-13,3.5114367,27.25,88.5
2024-10-14,0.0,27.25,88.5
2024-10-15,4.805323,27.25,88.5
2024-10-16,10.533627,27.25,88.5
2024-10-17,18.00496,27.25,88.5
2024-10-18,0.0,27.25,88.5
2024-10-19,3.289581,27.25,88.5
2024-10-20,7.3414173,27.25,88.5
2024-10-21,0.0,27.25,88.5
2024-10-22,0.0,27.25,88.5
2024-10-23,0.0,27.25,88.5
2024-10-24,0.0,27.25,88.5
2024-10-25,10.655527,27.25,88.5
2024-10-26,4.0117435,27.25,88.5
2024-10-27,0.0,27.25,88.5
2024-10-28,0.0,27.25,88.5
2024-10-29,0.0,27.25,88.5
2024-10-30,2.6885638,27.25,88.5
2024-10-31,20.582045,27.25,88.5
2024-11-01,2.649765,27.25,88.5
2024-11-02,0.23954761,27.25,88.5
2024-11-03,0.0,27.25,88.5
2024-11-04,0.26132467,27.25,88.5
2024-11-05,0.0,27.25,88.5
2024-11-06,0.0,27.25,88.5
2024-11-07,0.0,27.25,88.5
2024-11-08,0.0,27.25,88.5
2024-11-09,0.0,27.25,88.5
2024-11-10,0.0,27.25,88.5
2024-11-11,0.0,27.25,88.5
2024-11-12,0.0,27.25,88.5
2024-11-13,0.4225562,27.25,88.5
2024-11-14,0.0,27.25,88.5
2024-11-15,0.0,27.25,88.5
2024-11-16,0.0,27.25,88.5
2024-11-17,0.0,27.25,88.5
2024-11-18,0.0,27.25,88.5
2024-11-19,0.0,27.25,88.5
2024-11-20,0.0,27.25,88.5
2024-11-21,0.0,27.25,88.5
2024-11-22,0.0,27.25,88.5
2024-11-23,0.6183056,27.25,88.5
2024-11-24,0.0,27.25,88.5
2024-11-25,1.4331915,27.25,88.5
2024-11-26,0.0,27.25,88.5
2024-11-27,0.0,27.25,88.5
2024-11-28,1.1329267,27.25,88.5
2024-11-29,0.0,27.25,88.5
2024-11-30,0.0,27.25,88.5
2024-12-01,0.0,27.25,88.5
2024-12-02,0.0,27.25,88.5
2024-12-03,0.0,27.25,88.5
2024-12-04,0.0,27.25,88.5
2024-12-05,0.11307046,27.25,88.5
2024-12-06,0.0,27.25,88.5
2024-12-07,0.47297254,27.25,88.5
2024-12-08,0.0,27.25,88.5
2024-12-09,0.0,27.25,88.5
2024-12-10,0.0,27.25,88.5
2024-12-11,0.0,27.25,88.5
2024-12-12,0.0,27.25,88.5
2024-12-13,0.0,27.25,88.5
2024-12-14,0.0,27.25,88.5
2024-12-15,0.0,27.25,88.5
2024-12-16,0.0,27.25,88.5
2024-12-17,0.0,27.25,88.5
2024-12-18,0.0,27.25,88.5
2024-12-19,0.0,27.25,88.5
2024-12-20,0.0,27.25,88.5
2024-12-21,0.0,27.25,88.5
2024-12-22,8.634487,27.25,88.5
2024-12-23,0.0,27.25,88.5
2024-12-24,0.0,27.25,88.5
2024-12-25,0.0,27.25,88.5
2024-12-26,0.0,27.25,88.5
2024-12-27,0.0,27.25,88.5
2024-12-28,0.0,27.25,88.5
2024-12-29,0.0,27.25,88.5
2024-12-30,0.0,27.25,88.5
2024-12-31,0.0,27.25,88.5
